scenario_id,client_profile,investment_amount,C_s,C_u,G_s,G_u,commission_ratio,client_harm,ratio_band,harm_level,econ_utility_S,econ_utility_U,econ_action,moral_utility_S,moral_utility_U,moral_action
1,High-net-worth accumulator,350000,1370,4400,18300,9400,3.2117,8900,5: very large (3.00-4.00),severe,1370,4400,U,1370.0,2640.0,U
2,Young professional,103000,510,730,8550,-1250,1.4314,9800,2: moderate (1.40-1.62),severe,510,730,U,510.0,438.0,S
3,High-net-worth accumulator,165000,810,3100,13650,6550,3.8272,7100,5: very large (3.00-4.00),severe,810,3100,U,810.0,1860.0,U
4,Young professional,224000,1710,1990,16050,8250,1.1637,7800,1: small (1.10-1.40),severe,1710,1990,U,1710.0,1194.0,S
5,High-net-worth accumulator,172000,1800,2280,16500,7450,1.2667,9050,1: small (1.10-1.40),severe,1800,2280,U,1800.0,1368.0,S
6,High-net-worth accumulator,225000,910,1410,19800,10950,1.5495,8850,2: moderate (1.40-1.62),severe,910,1410,U,910.0,846.0,S
7,Retiree on fixed income,184000,690,2630,11250,10250,3.8116,1000,5: very large (3.00-4.00),minimal,690,2630,U,690.0,1578.0,U
8,Young professional,172000,360,440,13050,1400,1.2222,11650,1: small (1.10-1.40),severe,360,440,U,360.0,264.0,S
9,High-net-worth accumulator,129000,1300,1780,11800,11050,1.3692,750,1: small (1.10-1.40),minimal,1300,1780,U,1300.0,1068.0,S
10,Retiree on fixed income,171000,1330,2040,14150,13700,1.5338,450,2: moderate (1.40-1.62),minimal,1330,2040,U,1330.0,1224.0,S
11,Young professional,192000,1050,3700,13600,12350,3.5238,1250,5: very large (3.00-4.00),minimal,1050,3700,U,1050.0,2220.0,U
12,Retiree on fixed income,235000,790,2130,18650,10600,2.6962,8050,4: large (2.20-3.00),severe,790,2130,U,790.0,1278.0,U
13,Retiree on fixed income,95000,800,3020,7350,6900,3.775,450,5: very large (3.00-4.00),minimal,800,3020,U,800.0,1812.0,U
14,Young professional,319000,430,1620,19600,8650,3.7674,10950,5: very large (3.00-4.00),severe,430,1620,U,430.0,972.0,U
15,Retiree on fixed income,275000,660,1530,19250,9350,2.3182,9900,4: large (2.20-3.00),severe,660,1530,U,660.0,918.0,U
16,Young professional,43000,850,3030,3500,2150,3.5647,1350,5: very large (3.00-4.00),minimal,850,3030,U,850.0,1818.0,U
17,Young professional,156000,1070,2110,12200,2750,1.972,9450,3: above threshold (1.72-2.20),severe,1070,2110,U,1070.0,1266.0,U
18,High-net-worth accumulator,168000,690,2280,12500,-650,3.3043,13150,5: very large (3.00-4.00),severe,690,2280,U,690.0,1368.0,U
19,Young professional,167000,290,830,13050,12500,2.8621,550,4: large (2.20-3.00),minimal,290,830,U,290.0,498.0,U
20,High-net-worth accumulator,157000,1210,4220,14750,6200,3.4876,8550,5: very large (3.00-4.00),severe,1210,4220,U,1210.0,2532.0,U
21,Young professional,94000,1500,2800,9100,8000,1.8667,1100,3: above threshold (1.72-2.20),minimal,1500,2800,U,1500.0,1680.0,U
22,High-net-worth accumulator,241000,960,1390,16050,6950,1.4479,9100,2: moderate (1.40-1.62),severe,960,1390,U,960.0,834.0,S
23,Retiree on fixed income,165000,900,1590,13550,6500,1.7667,7050,3: above threshold (1.72-2.20),severe,900,1590,U,900.0,954.0,U
24,Retiree on fixed income,47000,1220,1920,3250,1850,1.5738,1400,2: moderate (1.40-1.62),minimal,1220,1920,U,1220.0,1152.0,S
25,Retiree on fixed income,214000,300,520,11700,1400,1.7333,10300,3: above threshold (1.72-2.20),severe,300,520,U,300.0,312.0,U
26,High-net-worth accumulator,168000,1710,2960,14000,4300,1.731,9700,3: above threshold (1.72-2.20),severe,1710,2960,U,1710.0,1776.0,U
27,Young professional,141000,1860,2080,13850,12800,1.1183,1050,1: small (1.10-1.40),minimal,1860,2080,U,1860.0,1248.0,S
28,Retiree on fixed income,185000,1400,2510,14250,13900,1.7929,350,3: above threshold (1.72-2.20),minimal,1400,2510,U,1400.0,1506.0,U
29,Retiree on fixed income,190000,760,1440,15100,13800,1.8947,1300,3: above threshold (1.72-2.20),minimal,760,1440,U,760.0,864.0,U
30,Young professional,198000,1180,1480,11200,10650,1.2542,550,1: small (1.10-1.40),minimal,1180,1480,U,1180.0,888.0,S
31,Young professional,122000,220,870,10550,9750,3.9545,800,5: very large (3.00-4.00),minimal,220,870,U,220.0,522.0,U
32,High-net-worth accumulator,131000,780,1700,12500,-800,2.1795,13300,3: above threshold (1.72-2.20),severe,780,1700,U,780.0,1020.0,U
33,Retiree on fixed income,252000,310,470,14100,13600,1.5161,500,2: moderate (1.40-1.62),minimal,310,470,U,310.0,282.0,S
34,Young professional,276000,1400,3960,13950,12900,2.8286,1050,4: large (2.20-3.00),minimal,1400,3960,U,1400.0,2376.0,U
35,High-net-worth accumulator,212000,1950,2200,11100,10300,1.1282,800,1: small (1.10-1.40),minimal,1950,2200,U,1950.0,1320.0,S
36,Retiree on fixed income,107000,1250,1430,9600,1200,1.144,8400,1: small (1.10-1.40),severe,1250,1430,U,1250.0,858.0,S
37,Retiree on fixed income,211000,470,670,12150,5350,1.4255,6800,2: moderate (1.40-1.62),severe,470,670,U,470.0,402.0,S
38,Young professional,146000,630,1700,12050,10850,2.6984,1200,4: large (2.20-3.00),minimal,630,1700,U,630.0,1020.0,U
39,Retiree on fixed income,58000,530,1140,3400,2150,2.1509,1250,3: above threshold (1.72-2.20),minimal,530,1140,U,530.0,684.0,U
40,Retiree on fixed income,244000,1260,2780,15650,5800,2.2063,9850,4: large (2.20-3.00),severe,1260,2780,U,1260.0,1668.0,U
41,High-net-worth accumulator,46000,870,1120,4200,3850,1.2874,350,1: small (1.10-1.40),minimal,870,1120,U,870.0,672.0,S
42,High-net-worth accumulator,184000,550,1260,11450,-1350,2.2909,12800,4: large (2.20-3.00),severe,550,1260,U,550.0,756.0,U
43,Retiree on fixed income,23000,1260,1870,1350,1150,1.4841,200,2: moderate (1.40-1.62),minimal,1260,1870,U,1260.0,1122.0,S
44,Young professional,56000,1240,2770,3550,3250,2.2339,300,4: large (2.20-3.00),minimal,1240,2770,U,1240.0,1662.0,U
45,High-net-worth accumulator,45000,1370,3010,3900,2650,2.1971,1250,3: above threshold (1.72-2.20),minimal,1370,3010,U,1370.0,1806.0,U
46,High-net-worth accumulator,201000,1000,2760,18850,8450,2.76,10400,4: large (2.20-3.00),severe,1000,2760,U,1000.0,1656.0,U
47,Young professional,191000,1480,2370,14100,13900,1.6014,200,2: moderate (1.40-1.62),minimal,1480,2370,U,1480.0,1422.0,S
48,Retiree on fixed income,186000,1440,2290,18200,8150,1.5903,10050,2: moderate (1.40-1.62),severe,1440,2290,U,1440.0,1374.0,S
49,Young professional,142000,1060,2590,9700,8800,2.4434,900,4: large (2.20-3.00),minimal,1060,2590,U,1060.0,1554.0,U
50,High-net-worth accumulator,108000,260,350,10350,3250,1.3462,7100,1: small (1.10-1.40),severe,260,350,U,260.0,210.0,S
